optimizer,function,seed,best_value,time_sec
COO,Sphere,7,8.16E-05,0.144
COO,Sphere,1,1.17E-05,0.37
COO,Sphere,0,1.02E-05,0.1277
COO,Sphere,4,0.002508264,0.0746
COO,Sphere,2,0.000108016,0.0468
COO,Sphere,3,0.000208759,0.0556
COO,Sphere,5,4.90E-06,0.3282
COO,Sphere,6,9.47E-07,0.2389
COO,Sphere,8,4.52E-07,0.2184
COO,Sphere,9,1.26E-08,0.2665
DE,Sphere,7,0,0.5458
DE,Sphere,6,0,0.6252
DE,Sphere,0,0,0.8292
DE,Sphere,4,0,0.7271
DE,Sphere,3,0,0.6998
DE,Sphere,5,0,0.7658
DE,Sphere,2,0,0.8679
DE,Sphere,1,0,0.8664
PSO,Sphere,0,9.79E-59,0.1642
DE,Sphere,8,0,0.2158
DE,Sphere,9,0,0.1953
PSO,Sphere,3,2.70E-61,0.1212
PSO,Sphere,2,7.85E-60,0.1937
GWO,Sphere,0,7.81E-80,0.1024
GWO,Sphere,1,2.41E-90,0.0858
GWO,Sphere,2,7.91E-96,0.0836
PSO,Sphere,5,1.84E-58,0.4044
GWO,Sphere,4,2.71E-88,0.1511
GWO,Sphere,3,7.57E-89,0.1955
GWO,Sphere,6,1.56E-90,0.1462
GWO,Sphere,5,4.80E-83,0.212
GWO,Sphere,8,2.55E-93,0.1213
PSO,Sphere,1,3.52E-61,1.0792
GWO,Sphere,9,1.09E-92,0.1179
WO,Sphere,0,1.07E-16,0.0457
GWO,Sphere,7,1.25E-101,0.3329
WO,Sphere,2,6.49E-16,0.063
WO,Sphere,1,7.56E-17,0.0941
WO,Sphere,4,1.30E-14,0.0605
WO,Sphere,3,4.36E-16,0.1102
WO,Sphere,7,6.58E-18,0.0623
PSO,Sphere,4,1.68E-60,1.236
WO,Sphere,9,4.36E-20,0.0457
WO,Sphere,5,5.89E-15,0.1869
WO,Sphere,6,1.64E-14,0.1998
COO,Sphere_Shifted,0,1.29E-06,0.1515
WO,Sphere,8,6.68E-16,0.2274
COO,Sphere_Shifted,3,0.005177267,0.1024
COO,Sphere_Shifted,5,0.000498533,0.0319
COO,Sphere_Shifted,1,1.31E-06,0.376
COO,Sphere_Shifted,2,2.40E-06,0.3468
COO,Sphere_Shifted,6,4.12E-07,0.1813
COO,Sphere_Shifted,4,3.24E-05,0.3203
COO,Sphere_Shifted,7,3.85E-05,0.1151
COO,Sphere_Shifted,8,4.43E-07,0.1978
COO,Sphere_Shifted,9,3.66E-06,0.1581
PSO,Sphere,8,1.84E-58,1.9568
PSO,Sphere,6,3.25E-60,1.9808
PSO,Sphere,7,9.16E-62,2.0322
PSO,Sphere,9,3.66E-63,2.0464
DE,Sphere_Shifted,1,4.93E-32,0.3873
DE,Sphere_Shifted,3,4.93E-32,0.3285
DE,Sphere_Shifted,2,4.93E-32,0.3571
DE,Sphere_Shifted,6,4.93E-32,0.201
DE,Sphere_Shifted,0,4.93E-32,0.4977
DE,Sphere_Shifted,5,4.93E-32,0.2681
DE,Sphere_Shifted,4,4.93E-32,0.3014
DE,Sphere_Shifted,7,8.38E-31,0.1756
DE,Sphere_Shifted,8,4.93E-32,0.1445
DE,Sphere_Shifted,9,5.97E-30,0.0836
PSO,Sphere_Shifted,2,0,0.0692
PSO,Sphere_Shifted,0,0,0.1089
PSO,Sphere_Shifted,1,0,0.1334
PSO,Sphere_Shifted,4,0,0.1407
GWO,Sphere_Shifted,1,1.05E-06,0.1676
GWO,Sphere_Shifted,0,7.47E-07,0.261
GWO,Sphere_Shifted,2,7.91E-07,0.2185
GWO,Sphere_Shifted,3,1.76E-06,0.2012
GWO,Sphere_Shifted,4,1.37E-07,0.2334
GWO,Sphere_Shifted,5,1.25E-06,0.2485
GWO,Sphere_Shifted,6,1.22E-07,0.2204
GWO,Sphere_Shifted,7,5.46E-07,0.3051
GWO,Sphere_Shifted,8,7.22E-08,0.224
WO,Sphere_Shifted,0,8.89E-07,0.0314
PSO,Sphere_Shifted,5,0,1.2574
PSO,Sphere_Shifted,3,0,1.2772
WO,Sphere_Shifted,1,3.62E-06,0.1061
WO,Sphere_Shifted,2,5.55E-06,0.1043
WO,Sphere_Shifted,4,8.97E-06,0.0464
WO,Sphere_Shifted,5,4.72E-06,0.0768
WO,Sphere_Shifted,6,6.89E-07,0.1315
WO,Sphere_Shifted,3,4.66E-07,0.2854
WO,Sphere_Shifted,7,2.22E-06,0.1236
WO,Sphere_Shifted,8,3.84E-07,0.0922
WO,Sphere_Shifted,9,8.42E-06,0.0728
GWO,Sphere_Shifted,9,7.03E-07,0.5069
PSO,Sphere_Shifted,7,0,1.6641
PSO,Sphere_Shifted,6,0,1.6699
COO,Sphere_Rotated,0,4.10E-05,0.3263
COO,Sphere_Rotated,3,0.002668755,0.3127
COO,Sphere_Rotated,2,1.38E-05,0.5312
COO,Sphere_Rotated,1,1.25E-05,0.6237
COO,Sphere_Rotated,4,2.46E-07,0.6388
PSO,Sphere_Shifted,9,0,2.2999
PSO,Sphere_Shifted,8,0,2.3411
COO,Sphere_Rotated,6,1.26E-06,0.4975
COO,Sphere_Rotated,7,3.69E-07,0.5201
COO,Sphere_Rotated,8,3.94E-05,0.3084
COO,Sphere_Rotated,5,3.26E-06,0.7881
COO,Sphere_Rotated,9,1.05E-06,0.2706
DE,Sphere_Rotated,4,0,0.7263
DE,Sphere_Rotated,6,0,0.7764
DE,Sphere_Rotated,3,0,0.8798
DE,Sphere_Rotated,5,0,0.8107
DE,Sphere_Rotated,0,0,0.9471
DE,Sphere_Rotated,1,0,0.9177
DE,Sphere_Rotated,2,0,0.899
DE,Sphere_Rotated,7,0,0.8058
DE,Sphere_Rotated,8,0,0.1992
DE,Sphere_Rotated,9,0,0.1713
PSO,Sphere_Rotated,0,3.36E-105,0.2682
PSO,Sphere_Rotated,3,1.06E-106,0.427
PSO,Sphere_Rotated,1,4.37E-106,0.4817
GWO,Sphere_Rotated,0,1.86E-66,0.0817
PSO,Sphere_Rotated,5,1.10E-103,0.5726
PSO,Sphere_Rotated,2,5.40E-107,0.6563
GWO,Sphere_Rotated,3,1.35E-55,0.1222
GWO,Sphere_Rotated,1,2.05E-59,0.2162
PSO,Sphere_Rotated,4,7.95E-106,0.7821
GWO,Sphere_Rotated,2,4.45E-59,0.2101
GWO,Sphere_Rotated,5,4.53E-51,0.2989
GWO,Sphere_Rotated,6,1.95E-70,0.2886
GWO,Sphere_Rotated,7,1.04E-65,0.2797
WO,Sphere_Rotated,0,9.48E-15,0.0565
GWO,Sphere_Rotated,4,1.11E-56,0.3994
WO,Sphere_Rotated,1,1.21E-11,0.0217
WO,Sphere_Rotated,3,3.87E-10,0.0103
WO,Sphere_Rotated,4,5.03E-14,0.0398
WO,Sphere_Rotated,2,1.66E-14,0.0775
WO,Sphere_Rotated,6,7.76E-12,0.0205
WO,Sphere_Rotated,7,2.82E-18,0.0148
WO,Sphere_Rotated,8,1.24E-12,0.0107
WO,Sphere_Rotated,9,6.24E-12,0.0104
WO,Sphere_Rotated,5,5.65E-08,0.0843
GWO,Sphere_Rotated,8,2.20E-65,0.4998
GWO,Sphere_Rotated,9,2.03E-59,0.5012
PSO,Sphere_Rotated,6,6.04E-106,1.6926
COO,Sphere_ShiftedRotated,1,2.66E-08,0.8204
COO,Sphere_ShiftedRotated,2,8.57E-07,0.6038
COO,Sphere_ShiftedRotated,0,1.74E-07,1.0567
COO,Sphere_ShiftedRotated,3,3.42E-06,0.8661
COO,Sphere_ShiftedRotated,4,8.39E-07,0.6886
COO,Sphere_ShiftedRotated,6,8.13E-06,0.3974
PSO,Sphere_Rotated,8,9.00E-107,2.3705
PSO,Sphere_Rotated,7,1.16E-104,2.5198
COO,Sphere_ShiftedRotated,5,4.67E-06,0.636
COO,Sphere_ShiftedRotated,7,4.61E-05,0.4288
PSO,Sphere_Rotated,9,7.70E-109,2.4391
COO,Sphere_ShiftedRotated,8,6.15E-05,0.5278
COO,Sphere_ShiftedRotated,9,4.67E-07,0.7134
DE,Sphere_ShiftedRotated,5,4.93E-32,0.6547
DE,Sphere_ShiftedRotated,3,4.93E-32,0.7741
DE,Sphere_ShiftedRotated,0,4.93E-32,0.9785
DE,Sphere_ShiftedRotated,4,4.93E-32,0.7777
DE,Sphere_ShiftedRotated,1,4.93E-32,0.939
DE,Sphere_ShiftedRotated,6,4.93E-32,0.6015
DE,Sphere_ShiftedRotated,7,4.93E-32,0.395
DE,Sphere_ShiftedRotated,2,4.93E-32,0.933
DE,Sphere_ShiftedRotated,9,4.93E-32,0.1577
DE,Sphere_ShiftedRotated,8,4.93E-32,0.171
PSO,Sphere_ShiftedRotated,2,0,0.2299
PSO,Sphere_ShiftedRotated,1,0,0.2435
PSO,Sphere_ShiftedRotated,0,0,0.289
PSO,Sphere_ShiftedRotated,3,0,0.2622
PSO,Sphere_ShiftedRotated,4,0,0.3054
PSO,Sphere_ShiftedRotated,5,0,0.3193
GWO,Sphere_ShiftedRotated,1,1.13E-05,0.1816
GWO,Sphere_ShiftedRotated,2,1.19E-05,0.1291
GWO,Sphere_ShiftedRotated,0,5.03E-08,0.2062
GWO,Sphere_ShiftedRotated,3,8.60E-06,0.1376
PSO,Sphere_ShiftedRotated,6,0,0.42
PSO,Sphere_ShiftedRotated,7,0,0.44
PSO,Sphere_ShiftedRotated,9,0,0.4214
WO,Sphere_ShiftedRotated,0,9.38E-06,0.1029
GWO,Sphere_ShiftedRotated,4,8.24E-06,0.4313
WO,Sphere_ShiftedRotated,1,6.31E-06,0.1869
WO,Sphere_ShiftedRotated,2,1.60E-07,0.1252
GWO,Sphere_ShiftedRotated,7,1.19E-06,0.6064
WO,Sphere_ShiftedRotated,4,4.63E-06,0.1627
WO,Sphere_ShiftedRotated,5,1.19E-08,0.2185
WO,Sphere_ShiftedRotated,3,6.58E-07,0.4233
GWO,Sphere_ShiftedRotated,6,1.15E-05,1.0102
WO,Sphere_ShiftedRotated,6,1.70E-07,0.3608
WO,Sphere_ShiftedRotated,7,1.50E-06,0.2675
COO,Rosenbrock,0,0.001624202,0.114
WO,Sphere_ShiftedRotated,8,4.34E-06,0.3946
WO,Sphere_ShiftedRotated,9,7.52E-08,0.3008
COO,Rosenbrock,3,0.004879649,0.1244
COO,Rosenbrock,2,0.003010644,0.3109
COO,Rosenbrock,4,0.000874996,0.1842
COO,Rosenbrock,1,0.002119741,0.4386
COO,Rosenbrock,7,0.000451111,0.3169
GWO,Sphere_ShiftedRotated,5,2.42E-05,1.884
COO,Rosenbrock,5,0.000468569,0.4495
COO,Rosenbrock,6,9.45E-05,0.5251
COO,Rosenbrock,9,0.000303607,0.2993
COO,Rosenbrock,8,0.000710711,0.5752
PSO,Sphere_ShiftedRotated,8,0,2.3844
GWO,Sphere_ShiftedRotated,9,3.29E-06,2.2333
GWO,Sphere_ShiftedRotated,8,2.83E-05,2.2794
DE,Rosenbrock,5,4.93E-32,1.3468
DE,Rosenbrock,0,4.93E-32,1.6392
DE,Rosenbrock,4,4.93E-32,1.4156
DE,Rosenbrock,6,4.93E-32,1.2479
DE,Rosenbrock,1,4.93E-32,1.8545
PSO,Rosenbrock,0,0.004906412,0.1948
DE,Rosenbrock,3,4.93E-32,1.6377
PSO,Rosenbrock,1,1.11E-07,0.3069
DE,Rosenbrock,7,4.93E-32,1.5447
PSO,Rosenbrock,2,2.93E-05,0.1886
PSO,Rosenbrock,3,5.12E-06,0.198
PSO,Rosenbrock,4,0.003263972,0.1918
DE,Rosenbrock,2,4.93E-32,1.9468
GWO,Rosenbrock,0,3.10E-06,0.0358
GWO,Rosenbrock,1,6.10E-06,0.0365
GWO,Rosenbrock,2,8.94E-05,0.0332
GWO,Rosenbrock,3,4.15E-06,0.0336
GWO,Rosenbrock,4,4.35E-06,0.0341
GWO,Rosenbrock,5,5.19E-06,0.0333
GWO,Rosenbrock,6,1.69E-05,0.0375
GWO,Rosenbrock,7,8.43E-06,0.0347
GWO,Rosenbrock,8,6.20E-06,0.0331
GWO,Rosenbrock,9,2.54E-06,0.0333
WO,Rosenbrock,0,1.30E-05,0.0452
WO,Rosenbrock,1,0.008715783,0.0443
WO,Rosenbrock,2,6.48E-05,0.0458
WO,Rosenbrock,3,5.29E-06,0.0466
WO,Rosenbrock,4,4.27E-06,0.0441
WO,Rosenbrock,5,1.97E-05,0.0439
WO,Rosenbrock,6,3.33E-05,0.045
WO,Rosenbrock,7,3.09E-07,0.048
WO,Rosenbrock,8,2.55E-07,0.0454
WO,Rosenbrock,9,0.000345085,0.0452
PSO,Rosenbrock,5,0.016576559,0.9674
COO,Rosenbrock_Shifted,0,0.000225034,0.1624
COO,Rosenbrock_Shifted,1,0.007719086,0.1522
COO,Rosenbrock_Shifted,3,4.96E-05,0.1429
COO,Rosenbrock_Shifted,2,0.00089107,0.2788
COO,Rosenbrock_Shifted,5,0.004032943,0.0461
COO,Rosenbrock_Shifted,6,0.003124846,0.1666
COO,Rosenbrock_Shifted,4,0.00133485,0.2801
COO,Rosenbrock_Shifted,8,2.53E-05,0.2204
COO,Rosenbrock_Shifted,9,0.002240288,0.1258
PSO,Rosenbrock,6,0.0045771,1.8943
COO,Rosenbrock_Shifted,7,0.000801275,0.3867
PSO,Rosenbrock,9,0.000594039,2.0827
PSO,Rosenbrock,8,0.000545209,2.1734
PSO,Rosenbrock,7,0.009413536,2.2009
DE,Rosenbrock,9,4.93E-32,3.2284
DE,Rosenbrock_Shifted,2,0,1.1613
DE,Rosenbrock_Shifted,0,0,1.3734
DE,Rosenbrock_Shifted,1,0,1.3672
DE,Rosenbrock_Shifted,3,0,1.144
DE,Rosenbrock_Shifted,5,0,1.1802
PSO,Rosenbrock_Shifted,0,1.83E-13,0.2308
DE,Rosenbrock_Shifted,6,0,0.724
DE,Rosenbrock,8,4.93E-32,4.008
DE,Rosenbrock_Shifted,4,0,1.4005
DE,Rosenbrock_Shifted,7,0,0.5817
PSO,Rosenbrock_Shifted,1,1.23E-15,0.2757
DE,Rosenbrock_Shifted,9,0,0.4188
DE,Rosenbrock_Shifted,8,0,0.434
PSO,Rosenbrock_Shifted,4,6.94E-16,0.1304
GWO,Rosenbrock_Shifted,0,7.33E-06,0.0397
GWO,Rosenbrock_Shifted,1,0.001258823,0.0398
GWO,Rosenbrock_Shifted,2,0.000206104,0.0402
GWO,Rosenbrock_Shifted,3,0.001035539,0.0384
GWO,Rosenbrock_Shifted,4,4.98E-05,0.0381
GWO,Rosenbrock_Shifted,5,1.26E-05,0.0388
GWO,Rosenbrock_Shifted,6,0.003386901,0.039
GWO,Rosenbrock_Shifted,7,0.002635572,0.0396
GWO,Rosenbrock_Shifted,8,0.000771595,0.0402
GWO,Rosenbrock_Shifted,9,0.001215059,0.0398
WO,Rosenbrock_Shifted,0,8.88E-05,0.0323
WO,Rosenbrock_Shifted,1,3.18E-05,0.033
WO,Rosenbrock_Shifted,2,0.001200688,0.0338
WO,Rosenbrock_Shifted,3,0.000856823,0.0342
WO,Rosenbrock_Shifted,4,2.17E-06,0.0326
WO,Rosenbrock_Shifted,5,0.000650255,0.0323
WO,Rosenbrock_Shifted,6,1.53E-05,0.0327
WO,Rosenbrock_Shifted,7,6.57E-05,0.0321
PSO,Rosenbrock_Shifted,3,6.41E-14,0.8436
WO,Rosenbrock_Shifted,9,6.81E-05,0.0489
WO,Rosenbrock_Shifted,8,0.004815681,0.0856
PSO,Rosenbrock_Shifted,5,2.04E-14,0.89
PSO,Rosenbrock_Shifted,2,2.59E-15,0.9954
PSO,Rosenbrock_Shifted,6,1.51E-14,0.8895
COO,Rosenbrock_Rotated,0,0.005533223,0.1504
COO,Rosenbrock_Rotated,1,0.004533232,0.1722
COO,Rosenbrock_Rotated,5,0.000159932,0.142
COO,Rosenbrock_Rotated,2,0.005345676,0.2714
COO,Rosenbrock_Rotated,3,0.000899419,0.2753
COO,Rosenbrock_Rotated,4,0.000489606,0.3035
COO,Rosenbrock_Rotated,6,0.027197256,0.219
COO,Rosenbrock_Rotated,8,0.001257378,0.1176
COO,Rosenbrock_Rotated,9,0.006327844,0.1217
COO,Rosenbrock_Rotated,7,6.86E-05,0.1988
PSO,Rosenbrock_Shifted,8,8.09E-15,1.3343
PSO,Rosenbrock_Shifted,9,7.63E-15,1.4191
PSO,Rosenbrock_Shifted,7,8.14E-14,1.4462
DE,Rosenbrock_Rotated,1,0,0.6385
DE,Rosenbrock_Rotated,5,0,0.4921
DE,Rosenbrock_Rotated,4,0,0.5976
DE,Rosenbrock_Rotated,3,0,0.6523
DE,Rosenbrock_Rotated,0,0,0.7306
DE,Rosenbrock_Rotated,2,7.89E-31,0.6934
DE,Rosenbrock_Rotated,6,0,0.5098
DE,Rosenbrock_Rotated,7,0,0.518
DE,Rosenbrock_Rotated,8,0,0.178
DE,Rosenbrock_Rotated,9,0,0.172
PSO,Rosenbrock_Rotated,0,0,0.4563
PSO,Rosenbrock_Rotated,2,0,0.4436
PSO,Rosenbrock_Rotated,3,0,0.4337
PSO,Rosenbrock_Rotated,1,0,0.4756
PSO,Rosenbrock_Rotated,7,0,0.3729
PSO,Rosenbrock_Rotated,6,0,0.3755
PSO,Rosenbrock_Rotated,5,0,0.4165
PSO,Rosenbrock_Rotated,4,0,0.444
GWO,Rosenbrock_Rotated,0,5.60E-06,0.3081
GWO,Rosenbrock_Rotated,1,9.36E-06,0.322
GWO,Rosenbrock_Rotated,4,5.48E-06,0.3396
GWO,Rosenbrock_Rotated,2,4.72E-06,0.3446
GWO,Rosenbrock_Rotated,3,1.91E-06,0.3561
WO,Rosenbrock_Rotated,0,0.000662635,0.0341
WO,Rosenbrock_Rotated,1,8.45E-05,0.0317
WO,Rosenbrock_Rotated,2,2.57E-05,0.0309
WO,Rosenbrock_Rotated,3,3.04E-05,0.0328
GWO,Rosenbrock_Rotated,5,2.11E-06,0.4932
WO,Rosenbrock_Rotated,4,7.77E-06,0.0346
WO,Rosenbrock_Rotated,6,0.000593868,0.0544
WO,Rosenbrock_Rotated,7,8.99E-06,0.0309
WO,Rosenbrock_Rotated,5,0.003425963,0.1291
WO,Rosenbrock_Rotated,8,8.19E-06,0.0656
WO,Rosenbrock_Rotated,9,0.00017293,0.0544
COO,Rosenbrock_ShiftedRotated,1,0.000492719,0.1866
COO,Rosenbrock_ShiftedRotated,0,0.000694905,0.1986
COO,Rosenbrock_ShiftedRotated,2,0.001096188,0.1978
COO,Rosenbrock_ShiftedRotated,3,0.000189541,0.3474
COO,Rosenbrock_ShiftedRotated,4,0.000939017,0.1945
COO,Rosenbrock_ShiftedRotated,6,0.002204075,0.1478
COO,Rosenbrock_ShiftedRotated,5,0.000907287,0.3237
COO,Rosenbrock_ShiftedRotated,7,0.000832021,0.2195
COO,Rosenbrock_ShiftedRotated,8,0.00151697,0.1733
COO,Rosenbrock_ShiftedRotated,9,0.000148243,0.1542
DE,Rosenbrock_ShiftedRotated,1,1.97E-31,0.215
DE,Rosenbrock_ShiftedRotated,0,1.97E-31,0.2874
GWO,Rosenbrock_Rotated,7,2.31E-05,1.9006
GWO,Rosenbrock_Rotated,6,2.71E-05,1.9401
GWO,Rosenbrock_Rotated,9,7.66E-07,2.0092
DE,Rosenbrock_ShiftedRotated,3,1.97E-31,0.35
GWO,Rosenbrock_Rotated,8,6.44E-06,2.0394
DE,Rosenbrock_ShiftedRotated,2,1.97E-31,0.3974
DE,Rosenbrock_ShiftedRotated,4,1.97E-31,0.4589
DE,Rosenbrock_ShiftedRotated,5,1.97E-31,0.4788
DE,Rosenbrock_ShiftedRotated,8,1.97E-31,0.3572
DE,Rosenbrock_ShiftedRotated,6,1.97E-31,0.3927
DE,Rosenbrock_ShiftedRotated,7,1.97E-31,0.3949
DE,Rosenbrock_ShiftedRotated,9,1.97E-31,0.3574
PSO,Rosenbrock_Rotated,8,0,2.8122
PSO,Rosenbrock_Rotated,9,0,2.8127
PSO,Rosenbrock_ShiftedRotated,1,0.223316062,0.3601
PSO,Rosenbrock_ShiftedRotated,0,1.23E-32,0.4063
PSO,Rosenbrock_ShiftedRotated,2,0.376888188,0.3393
PSO,Rosenbrock_ShiftedRotated,7,1.23E-32,0.3432
PSO,Rosenbrock_ShiftedRotated,3,0.46528582,0.3818
PSO,Rosenbrock_ShiftedRotated,4,0.363267699,0.3812
PSO,Rosenbrock_ShiftedRotated,5,1.142335596,0.397
PSO,Rosenbrock_ShiftedRotated,6,0.502634385,0.3895
GWO,Rosenbrock_ShiftedRotated,0,1.34E-05,0.5933
PSO,Rosenbrock_ShiftedRotated,8,0.165639021,0.6657
PSO,Rosenbrock_ShiftedRotated,9,0.45447408,0.6649
GWO,Rosenbrock_ShiftedRotated,1,1.08E-05,0.6349
GWO,Rosenbrock_ShiftedRotated,3,8.12E-06,0.6666
WO,Rosenbrock_ShiftedRotated,0,9.28E-06,0.0438
WO,Rosenbrock_ShiftedRotated,1,2.72E-06,0.0428
WO,Rosenbrock_ShiftedRotated,2,8.39E-06,0.0439
WO,Rosenbrock_ShiftedRotated,3,4.52E-06,0.0557
WO,Rosenbrock_ShiftedRotated,4,2.70E-06,0.0438
WO,Rosenbrock_ShiftedRotated,5,0.000112948,0.0443
WO,Rosenbrock_ShiftedRotated,6,5.58E-05,0.0447
WO,Rosenbrock_ShiftedRotated,7,4.71E-07,0.0411
GWO,Rosenbrock_ShiftedRotated,5,5.06E-05,1.0219
WO,Rosenbrock_ShiftedRotated,8,3.29E-06,0.064
GWO,Rosenbrock_ShiftedRotated,2,1.67E-05,1.1967
COO,Rastrigin,1,0.070214831,0.1207
WO,Rosenbrock_ShiftedRotated,9,1.66E-05,0.3456
GWO,Rosenbrock_ShiftedRotated,4,1.99E-05,1.514
COO,Rastrigin,0,1.24E-05,0.5243
COO,Rastrigin,4,0.059201739,0.1979
COO,Rastrigin,2,0.015777631,0.7905
COO,Rastrigin,6,0.000800183,0.6481
COO,Rastrigin,5,0.000142703,0.8181
COO,Rastrigin,3,1.84E-07,1.1452
COO,Rastrigin,7,2.76E-05,0.5119
COO,Rastrigin,8,2.72E-05,0.4726
DE,Rastrigin,1,4.974790248,0.3128
DE,Rastrigin,0,0.994959057,0.4378
COO,Rastrigin,9,9.71E-06,0.6144
DE,Rastrigin,4,1.989918114,0.1024
DE,Rastrigin,5,1.989918114,0.0408
DE,Rastrigin,3,0.994959057,0.1654
DE,Rastrigin,7,1.989918114,0.0165
DE,Rastrigin,9,0.994959057,0.0252
PSO,Rastrigin,0,0,0.0865
DE,Rastrigin,2,0,0.3679
DE,Rastrigin,6,0,0.1531
DE,Rastrigin,8,0,0.1571
PSO,Rastrigin,1,0,0.1108
PSO,Rastrigin,2,0,0.135
PSO,Rastrigin,3,0.994959057,0.1688
PSO,Rastrigin,4,0,0.2043
PSO,Rastrigin,6,0,0.18
PSO,Rastrigin,5,0,0.2329
GWO,Rastrigin,0,0,0.056
GWO,Rastrigin,1,0,0.0577
GWO,Rastrigin,2,0,0.0579
GWO,Rastrigin,3,0,0.0558
PSO,Rastrigin,7,0,0.4396
GWO,Rastrigin,4,0,0.1165
GWO,Rastrigin,5,0,0.1025
GWO,Rastrigin,7,0,0.0743
GWO,Rastrigin,6,0,0.1651
GWO,Rastrigin,8,0,0.0854
WO,Rastrigin,0,0,0.0583
WO,Rastrigin,1,3.41E-11,0.0417
GWO,Rastrigin,9,0,0.1961
WO,Rastrigin,2,1.66E-12,0.09
WO,Rastrigin,4,0.997850575,0.0453
WO,Rastrigin,3,0,0.1045
WO,Rastrigin,5,4.30E-12,0.0907
WO,Rastrigin,7,1.44E-12,0.0408
WO,Rastrigin,8,0,0.0414
WO,Rastrigin,6,2.13E-14,0.1654
WO,Rastrigin,9,1.49E-13,0.1073
COO,Rastrigin_Shifted,0,0.563506672,0.1238
COO,Rastrigin_Shifted,2,0.019739933,0.0744
COO,Rastrigin_Shifted,1,1.097032157,0.1265
COO,Rastrigin_Shifted,4,0.010883105,0.0567
COO,Rastrigin_Shifted,5,0.994975016,0.104
COO,Rastrigin_Shifted,6,0.304708647,0.0643
COO,Rastrigin_Shifted,3,0.000240911,0.2601
COO,Rastrigin_Shifted,7,1.057992776,0.0697
COO,Rastrigin_Shifted,9,0.003022,0.1343
COO,Rastrigin_Shifted,8,6.05E-06,0.2196
PSO,Rastrigin,8,0.994959057,1.843
GWO,Rosenbrock_ShiftedRotated,8,1.27E-05,4.7298
PSO,Rastrigin,9,0,1.9271
GWO,Rosenbrock_ShiftedRotated,7,1.87E-05,5.2554
DE,Rastrigin_Shifted,0,0,0.7136
DE,Rastrigin_Shifted,1,0,0.7243
DE,Rastrigin_Shifted,7,0.994959057,0.0662
DE,Rastrigin_Shifted,3,0,0.7508
DE,Rastrigin_Shifted,4,0,0.6184
GWO,Rosenbrock_ShiftedRotated,6,1.85E-05,5.6083
GWO,Rosenbrock_ShiftedRotated,9,3.70E-05,5.6364
DE,Rastrigin_Shifted,2,0,0.998
PSO,Rastrigin_Shifted,0,0,0.2847
PSO,Rastrigin_Shifted,1,1.99E-13,0.2717
DE,Rastrigin_Shifted,6,0,0.5608
DE,Rastrigin_Shifted,8,0,0.4497
DE,Rastrigin_Shifted,5,0,0.621
DE,Rastrigin_Shifted,9,0,0.3846
PSO,Rastrigin_Shifted,3,7.11E-14,0.2078
PSO,Rastrigin_Shifted,2,1.68E-12,0.3353
GWO,Rastrigin_Shifted,0,0.002094997,0.1296
GWO,Rastrigin_Shifted,1,0.000825167,0.1425
GWO,Rastrigin_Shifted,2,0.000491267,0.1417
GWO,Rastrigin_Shifted,3,0.000258926,0.1457
GWO,Rastrigin_Shifted,4,0.000400485,0.1151
GWO,Rastrigin_Shifted,5,0.000194322,0.1284
GWO,Rastrigin_Shifted,6,0.001099118,0.1292
GWO,Rastrigin_Shifted,7,0.000162981,0.1154
GWO,Rastrigin_Shifted,8,0.995059054,0.1772
WO,Rastrigin_Shifted,0,9.15E-06,0.0556
GWO,Rastrigin_Shifted,9,0.001173303,0.1447
WO,Rastrigin_Shifted,1,0.000255438,0.0693
WO,Rastrigin_Shifted,3,0.000237607,0.054
WO,Rastrigin_Shifted,2,0.001365922,0.1332
WO,Rastrigin_Shifted,4,0.00029785,0.0561
WO,Rastrigin_Shifted,5,0.994977775,0.101
WO,Rastrigin_Shifted,6,0.004905417,0.0727
WO,Rastrigin_Shifted,7,0.002921768,0.0544
WO,Rastrigin_Shifted,8,0.013192587,0.0866
WO,Rastrigin_Shifted,9,0.996075953,0.0667
COO,Rastrigin_Rotated,0,0.051287801,0.1216
COO,Rastrigin_Rotated,2,0.037941208,0.1064
COO,Rastrigin_Rotated,1,0.071581386,0.2128
PSO,Rastrigin_Shifted,5,7.11E-15,1.4806
COO,Rastrigin_Rotated,3,0.01114263,0.1665
COO,Rastrigin_Rotated,5,0.024141106,0.11
PSO,Rastrigin_Shifted,4,2.11E-11,1.6668
COO,Rastrigin_Rotated,4,0.125520864,0.2366
COO,Rastrigin_Rotated,9,0.020555725,0.1481
COO,Rastrigin_Rotated,7,0.000367274,0.2158
COO,Rastrigin_Rotated,6,0.033850688,0.283
COO,Rastrigin_Rotated,8,0.011424214,0.257
PSO,Rastrigin_Shifted,8,3.979831191,2.1518
PSO,Rastrigin_Shifted,6,2.77E-13,2.2095
PSO,Rastrigin_Shifted,9,4.66E-12,2.2618
PSO,Rastrigin_Shifted,7,8.31E-13,2.3153
DE,Rastrigin_Rotated,4,1.989918114,0.28
DE,Rastrigin_Rotated,1,0,0.8448
DE,Rastrigin_Rotated,3,0,0.8743
DE,Rastrigin_Rotated,0,0,0.9648
DE,Rastrigin_Rotated,2,0,0.9325
DE,Rastrigin_Rotated,8,0,0.3262
DE,Rastrigin_Rotated,6,0,0.5
DE,Rastrigin_Rotated,5,0,0.5689
PSO,Rastrigin_Rotated,0,0.994959057,0.17
DE,Rastrigin_Rotated,7,0,0.5668
DE,Rastrigin_Rotated,9,0,0.2666
PSO,Rastrigin_Rotated,1,0,0.3751
PSO,Rastrigin_Rotated,2,0,0.3548
PSO,Rastrigin_Rotated,3,0,0.4795
PSO,Rastrigin_Rotated,5,0,0.6946
PSO,Rastrigin_Rotated,4,0,0.9679
PSO,Rastrigin_Rotated,8,0.994959057,0.9727
PSO,Rastrigin_Rotated,6,0,0.9956
PSO,Rastrigin_Rotated,7,0,1.078
PSO,Rastrigin_Rotated,9,0,0.9355
GWO,Rastrigin_Rotated,0,0,1.3564
GWO,Rastrigin_Rotated,1,0,1.2266
GWO,Rastrigin_Rotated,3,0.995007845,1.083
GWO,Rastrigin_Rotated,2,0,1.4001
GWO,Rastrigin_Rotated,4,0,1.0931
WO,Rastrigin_Rotated,0,0,0.3405
WO,Rastrigin_Rotated,1,0,0.3232
GWO,Rastrigin_Rotated,5,0,1.4029
WO,Rastrigin_Rotated,2,0,0.3883
WO,Rastrigin_Rotated,4,0.99495963,0.2546
WO,Rastrigin_Rotated,3,0.994959118,0.3714
GWO,Rastrigin_Rotated,7,0,1.5465
WO,Rastrigin_Rotated,6,0.994964935,0.2698
WO,Rastrigin_Rotated,7,0.9952514,0.2462
GWO,Rastrigin_Rotated,6,0,2.0081
WO,Rastrigin_Rotated,5,0,0.7936
WO,Rastrigin_Rotated,8,0.99497133,0.6057
COO,Rastrigin_ShiftedRotated,1,0.033244372,0.5378
COO,Rastrigin_ShiftedRotated,2,0.004672635,0.4111
COO,Rastrigin_ShiftedRotated,4,0.123024585,0.272
COO,Rastrigin_ShiftedRotated,3,0.000489994,0.4739
COO,Rastrigin_ShiftedRotated,5,0.995696439,0.3234
WO,Rastrigin_Rotated,9,0.994960637,1.0939
COO,Rastrigin_ShiftedRotated,0,0.001105018,1.0955
COO,Rastrigin_ShiftedRotated,9,0.292042572,0.1918
COO,Rastrigin_ShiftedRotated,7,0.04875153,0.3465
COO,Rastrigin_ShiftedRotated,6,0.000232978,0.4181
COO,Rastrigin_ShiftedRotated,8,0.020056505,0.2895
DE,Rastrigin_ShiftedRotated,3,0.994959057,0.1595
DE,Rastrigin_ShiftedRotated,2,1.989918114,0.1769
DE,Rastrigin_ShiftedRotated,5,0.994959057,0.0901
DE,Rastrigin_ShiftedRotated,0,0.994959057,0.2612
DE,Rastrigin_ShiftedRotated,4,0.994959057,0.1891
DE,Rastrigin_ShiftedRotated,7,0.994959057,0.0839
DE,Rastrigin_ShiftedRotated,8,0.994959057,0.1022
DE,Rastrigin_ShiftedRotated,9,0.994959057,0.1126
GWO,Rastrigin_Rotated,9,0.995004371,2.5962
DE,Rastrigin_ShiftedRotated,6,0.994959057,0.1489
GWO,Rastrigin_Rotated,8,0.994967366,2.614
DE,Rastrigin_ShiftedRotated,1,0,0.3798
PSO,Rastrigin_ShiftedRotated,2,1.54E-10,1.0273
PSO,Rastrigin_ShiftedRotated,1,7.83E-07,1.2618
PSO,Rastrigin_ShiftedRotated,3,8.90E-11,1.2608
PSO,Rastrigin_ShiftedRotated,0,1.97E-07,1.3293
PSO,Rastrigin_ShiftedRotated,4,1.63E-07,1.431
PSO,Rastrigin_ShiftedRotated,5,2.56E-08,1.5245
PSO,Rastrigin_ShiftedRotated,6,3.90E-08,1.5925
PSO,Rastrigin_ShiftedRotated,7,2.66E-08,1.5856
GWO,Rastrigin_ShiftedRotated,1,0.001899696,0.5569
GWO,Rastrigin_ShiftedRotated,0,0.001474393,0.7056
GWO,Rastrigin_ShiftedRotated,3,0.001003716,0.5129
GWO,Rastrigin_ShiftedRotated,4,0.000692417,0.4985
GWO,Rastrigin_ShiftedRotated,2,3.91E-05,0.8342
PSO,Rastrigin_ShiftedRotated,9,2.20E-08,1.0926
WO,Rastrigin_ShiftedRotated,0,0.995377928,0.0777
PSO,Rastrigin_ShiftedRotated,8,1.22E-10,1.3785
GWO,Rastrigin_ShiftedRotated,5,0.006008871,0.7822
WO,Rastrigin_ShiftedRotated,1,0.99833876,0.1453
GWO,Rastrigin_ShiftedRotated,6,0.002318897,0.7599
GWO,Rastrigin_ShiftedRotated,9,0.002230689,0.4738
WO,Rastrigin_ShiftedRotated,5,0.995272589,0.1483
WO,Rastrigin_ShiftedRotated,4,0.007141889,0.2143
WO,Rastrigin_ShiftedRotated,2,0.995041032,0.2637
GWO,Rastrigin_ShiftedRotated,7,0.000251176,0.6748
GWO,Rastrigin_ShiftedRotated,8,0.001805085,0.7362
WO,Rastrigin_ShiftedRotated,9,0.995111956,0.2446
WO,Rastrigin_ShiftedRotated,7,1.007553747,0.5089
WO,Rastrigin_ShiftedRotated,8,0.995760486,0.5027
COO,Ackley,2,0.003297104,0.4304
WO,Rastrigin_ShiftedRotated,6,0.000955493,0.6568
WO,Rastrigin_ShiftedRotated,3,0.997734857,1.0145
COO,Ackley,7,0.004791241,0.1836
COO,Ackley,3,0.00918791,0.6072
COO,Ackley,6,0.000350439,0.3606
COO,Ackley,9,0.008627846,0.1723
COO,Ackley,1,0.005785967,1.0276
COO,Ackley,5,0.001694215,0.6297
COO,Ackley,0,0.003714579,1.1411
COO,Ackley,4,0.014377079,0.7229
COO,Ackley,8,0.002539548,0.4336
DE,Ackley,1,4.44E-16,1.9566
DE,Ackley,3,4.44E-16,1.8671
DE,Ackley,4,4.44E-16,1.8098
DE,Ackley,0,4.44E-16,2.1482
DE,Ackley,5,4.44E-16,1.9532
DE,Ackley,6,4.44E-16,1.9833
DE,Ackley,7,4.44E-16,2.0233
PSO,Ackley,0,4.44E-16,0.4918
DE,Ackley,2,4.44E-16,2.5076
PSO,Ackley,1,4.44E-16,0.5384
DE,Ackley,8,4.44E-16,0.6378
PSO,Ackley,2,4.00E-15,0.5137
PSO,Ackley,3,4.44E-16,0.4823
PSO,Ackley,4,4.44E-16,0.5165
GWO,Ackley,0,4.44E-16,0.1113
GWO,Ackley,1,4.44E-16,0.0669
GWO,Ackley,2,4.44E-16,0.1114
GWO,Ackley,3,4.44E-16,0.1273
GWO,Ackley,4,4.44E-16,0.0939
GWO,Ackley,5,4.00E-15,0.0959
GWO,Ackley,6,4.44E-16,0.0819
GWO,Ackley,8,4.44E-16,0.0622
GWO,Ackley,7,4.44E-16,0.142
GWO,Ackley,9,4.44E-16,0.0793
WO,Ackley,1,1.73E-09,0.0111
WO,Ackley,0,2.31E-08,0.0424
WO,Ackley,2,0.000413017,0.0279
WO,Ackley,3,5.11E-07,0.0277
WO,Ackley,5,8.27E-07,0.0109
WO,Ackley,6,6.19E-06,0.012
WO,Ackley,4,2.18E-05,0.0436
WO,Ackley,7,0.000159123,0.0285
WO,Ackley,8,1.79E-11,0.0282
WO,Ackley,9,7.18E-05,0.0148
COO,Ackley_Shifted,1,0.060264854,0.0523
COO,Ackley_Shifted,0,0.013471818,0.1405
COO,Ackley_Shifted,2,0.018656042,0.1265
COO,Ackley_Shifted,3,0.004351321,0.1446
COO,Ackley_Shifted,4,0.001908083,0.1796
COO,Ackley_Shifted,6,0.004364659,0.1133
COO,Ackley_Shifted,5,0.000437642,0.243
COO,Ackley_Shifted,7,0.021592663,0.1099
COO,Ackley_Shifted,8,0.136069261,0.0626
COO,Ackley_Shifted,9,0.003020341,0.0944
DE,Ackley,9,4.44E-16,2.1166
PSO,Ackley,5,4.44E-16,1.9517
PSO,Ackley,6,4.44E-16,2.3184
PSO,Ackley,7,4.44E-16,2.341
PSO,Ackley,9,2.579927557,2.4334
PSO,Ackley,8,4.44E-16,2.5082
DE,Ackley_Shifted,3,4.00E-15,1.5173
DE,Ackley_Shifted,0,4.00E-15,1.9868
DE,Ackley_Shifted,5,4.00E-15,1.3021
DE,Ackley_Shifted,2,4.00E-15,2.1481
DE,Ackley_Shifted,1,4.00E-15,2.2933
DE,Ackley_Shifted,4,4.00E-15,1.5691
PSO,Ackley_Shifted,0,4.44E-16,0.1982
PSO,Ackley_Shifted,1,5.381864187,0.2367
DE,Ackley_Shifted,7,4.00E-15,1.3769
DE,Ackley_Shifted,6,4.00E-15,1.4232
PSO,Ackley_Shifted,2,4.44E-16,0.225
DE,Ackley_Shifted,9,4.00E-15,0.6435
DE,Ackley_Shifted,8,4.00E-15,0.6612
GWO,Ackley_Shifted,0,0.005720171,0.0406
GWO,Ackley_Shifted,1,0.009897632,0.0401
GWO,Ackley_Shifted,2,0.001642164,0.0392
GWO,Ackley_Shifted,3,0.007685865,0.0383
GWO,Ackley_Shifted,4,0.010928674,0.0398
GWO,Ackley_Shifted,5,0.002942741,0.0403
GWO,Ackley_Shifted,6,0.010227928,0.0425
GWO,Ackley_Shifted,7,0.009297273,0.0412
GWO,Ackley_Shifted,8,0.015786601,0.039
GWO,Ackley_Shifted,9,0.005557376,0.0395
WO,Ackley_Shifted,0,0.015744606,0.0375
WO,Ackley_Shifted,1,0.033065162,0.0374
WO,Ackley_Shifted,2,0.004090835,0.0408
WO,Ackley_Shifted,3,0.002217305,0.0386
WO,Ackley_Shifted,4,0.010183041,0.037
WO,Ackley_Shifted,5,0.001357788,0.0385
WO,Ackley_Shifted,6,0.004799592,0.0373
WO,Ackley_Shifted,7,0.002806109,0.0373
WO,Ackley_Shifted,8,0.001243997,0.0375
WO,Ackley_Shifted,9,0.007919771,0.0394
PSO,Ackley_Shifted,4,5.381864187,1.0586
COO,Ackley_Rotated,0,0.005995925,0.1516
COO,Ackley_Rotated,1,0.005896105,0.0941
COO,Ackley_Rotated,2,0.035311541,0.1224
COO,Ackley_Rotated,3,0.021420604,0.0889
COO,Ackley_Rotated,4,0.010775218,0.121
COO,Ackley_Rotated,5,0.001038479,0.2323
COO,Ackley_Rotated,6,0.011687324,0.1982
COO,Ackley_Rotated,7,0.005455426,0.2592
COO,Ackley_Rotated,8,0.002223066,0.2983
COO,Ackley_Rotated,9,0.008572481,0.1326
PSO,Ackley_Shifted,3,4.44E-16,2.3054
DE,Ackley_Rotated,0,4.44E-16,0.5813
DE,Ackley_Rotated,1,4.44E-16,0.8238
PSO,Ackley_Shifted,5,4.44E-16,2.7247
PSO,Ackley_Shifted,9,4.44E-16,2.8217
DE,Ackley_Rotated,2,4.44E-16,0.7048
PSO,Ackley_Shifted,6,4.44E-16,3.2465
PSO,Ackley_Shifted,8,4.44E-16,3.261
PSO,Ackley_Shifted,7,4.44E-16,3.3335
PSO,Ackley_Rotated,0,4.44E-16,0.4261
DE,Ackley_Rotated,3,4.44E-16,1.4859
PSO,Ackley_Rotated,1,4.44E-16,0.278
PSO,Ackley_Rotated,2,4.44E-16,0.3294
DE,Ackley_Rotated,4,4.44E-16,1.8028
DE,Ackley_Rotated,5,4.44E-16,1.7589
PSO,Ackley_Rotated,3,4.44E-16,0.473
PSO,Ackley_Rotated,4,4.44E-16,0.3702
DE,Ackley_Rotated,9,4.44E-16,1.3362
DE,Ackley_Rotated,6,4.44E-16,1.8369
PSO,Ackley_Rotated,5,4.44E-16,0.3517
GWO,Ackley_Rotated,1,4.44E-16,0.2138
GWO,Ackley_Rotated,0,4.44E-16,0.2645
PSO,Ackley_Rotated,6,4.44E-16,0.8022
PSO,Ackley_Rotated,8,4.44E-16,1.0095
PSO,Ackley_Rotated,7,4.44E-16,1.0421
GWO,Ackley_Rotated,3,4.44E-16,0.7203
DE,Ackley_Rotated,8,4.44E-16,2.5146
GWO,Ackley_Rotated,2,4.44E-16,0.8539
DE,Ackley_Rotated,7,4.44E-16,3.0431
PSO,Ackley_Rotated,9,4.44E-16,1.3452
WO,Ackley_Rotated,0,7.27E-10,0.236
WO,Ackley_Rotated,1,1.88E-08,0.2688
WO,Ackley_Rotated,3,7.79E-09,0.1579
GWO,Ackley_Rotated,6,4.44E-16,0.9203
WO,Ackley_Rotated,2,5.99E-10,0.283
GWO,Ackley_Rotated,4,4.44E-16,1.2602
WO,Ackley_Rotated,4,6.86E-12,0.2843
WO,Ackley_Rotated,7,8.18E-09,0.3548
WO,Ackley_Rotated,6,3.30E-09,0.4413
WO,Ackley_Rotated,8,1.77E-08,0.2406
GWO,Ackley_Rotated,7,4.44E-16,1.2981
WO,Ackley_Rotated,5,7.90E-10,0.6654
WO,Ackley_Rotated,9,7.58E-07,0.444
GWO,Ackley_Rotated,5,4.44E-16,1.9146
COO,Ackley_ShiftedRotated,3,0.015270289,0.464
COO,Ackley_ShiftedRotated,1,0.000671802,0.7558
COO,Ackley_ShiftedRotated,0,0.011003952,0.9068
GWO,Ackley_Rotated,8,4.44E-16,2.6837
GWO,Ackley_Rotated,9,4.44E-16,2.6865
COO,Ackley_ShiftedRotated,4,0.000500807,1.4007
COO,Ackley_ShiftedRotated,2,0.001325551,1.6924
COO,Ackley_ShiftedRotated,5,0.00093839,1.2712
COO,Ackley_ShiftedRotated,8,0.001110117,0.9453
COO,Ackley_ShiftedRotated,6,9.13E-05,1.3156
COO,Ackley_ShiftedRotated,9,0.029668945,0.5289
COO,Ackley_ShiftedRotated,7,2.73E-05,1.3643
DE,Ackley_ShiftedRotated,0,4.00E-15,2.4329
DE,Ackley_ShiftedRotated,3,4.00E-15,2.2857
DE,Ackley_ShiftedRotated,2,4.00E-15,2.6171
DE,Ackley_ShiftedRotated,5,4.00E-15,2.433
DE,Ackley_ShiftedRotated,4,4.00E-15,2.7414
DE,Ackley_ShiftedRotated,6,4.00E-15,2.5724
DE,Ackley_ShiftedRotated,1,4.00E-15,2.9057
DE,Ackley_ShiftedRotated,7,4.00E-15,2.6762
PSO,Ackley_ShiftedRotated,0,1.71E-13,0.4574
PSO,Ackley_ShiftedRotated,1,4.23E-13,0.4598
DE,Ackley_ShiftedRotated,8,4.00E-15,0.9044
DE,Ackley_ShiftedRotated,9,4.00E-15,0.8537
PSO,Ackley_ShiftedRotated,2,6.882582647,0.5735
GWO,Ackley_ShiftedRotated,0,0.00127427,0.2039
PSO,Ackley_ShiftedRotated,3,3.24E-14,0.8727
PSO,Ackley_ShiftedRotated,4,5.87E-13,0.8967
PSO,Ackley_ShiftedRotated,5,1.96E-13,0.8456
GWO,Ackley_ShiftedRotated,2,0.004291571,0.2789
GWO,Ackley_ShiftedRotated,5,0.005664006,0.2578
GWO,Ackley_ShiftedRotated,4,0.006787485,0.347
GWO,Ackley_ShiftedRotated,1,0.003977489,0.6951
GWO,Ackley_ShiftedRotated,3,0.002547502,0.5352
GWO,Ackley_ShiftedRotated,6,0.01008388,0.3568
GWO,Ackley_ShiftedRotated,8,0.003613927,0.3709
PSO,Ackley_ShiftedRotated,6,2.579927557,1.6457
GWO,Ackley_ShiftedRotated,9,0.002628859,0.5004
GWO,Ackley_ShiftedRotated,7,0.002638615,0.6438
WO,Ackley_ShiftedRotated,0,0.00620983,0.668
WO,Ackley_ShiftedRotated,3,0.008034424,0.5191
PSO,Ackley_ShiftedRotated,7,2.579927557,2.3757
WO,Ackley_ShiftedRotated,4,0.003332025,0.6216
WO,Ackley_ShiftedRotated,2,0.000787616,0.7856
PSO,Ackley_ShiftedRotated,8,3.24E-14,2.5149
WO,Ackley_ShiftedRotated,1,0.009943688,1.0651
PSO,Ackley_ShiftedRotated,9,1.11E-13,2.6042
COO,Griewank,0,0.179150265,0.2938
WO,Ackley_ShiftedRotated,6,0.006223482,0.6064
COO,Griewank,2,0.186258471,0.3821
WO,Ackley_ShiftedRotated,9,0.003601848,0.7401
COO,Griewank,3,0.103823223,0.4031
COO,Griewank,4,0.029751064,0.4097
WO,Ackley_ShiftedRotated,5,0.004916286,1.185
COO,Griewank,6,0.139237509,0.2228
COO,Griewank,1,0.032943461,0.7878
COO,Griewank,7,0.112064998,0.2252
COO,Griewank,5,0.006529447,0.5
COO,Griewank,8,0.047348091,0.4286
WO,Ackley_ShiftedRotated,8,0.001553531,1.3173
COO,Griewank,9,0.196050456,0.409
WO,Ackley_ShiftedRotated,7,0.003254248,1.381
DE,Griewank,3,0.00739604,0.3859
DE,Griewank,1,0.266336286,0.5358
DE,Griewank,5,0.00739604,0.2471
DE,Griewank,6,0.019719489,0.218
DE,Griewank,2,0.029584161,0.5291
DE,Griewank,4,0.009864672,0.3556
DE,Griewank,7,0.00739604,0.3002
DE,Griewank,8,0.00739604,0.1417
PSO,Griewank,0,0,0.2074
DE,Griewank,9,0,0.2627
PSO,Griewank,2,0,0.1951
DE,Griewank,0,0,0.8661
PSO,Griewank,1,0,0.313
PSO,Griewank,3,0,0.2606
GWO,Griewank,1,0.007400317,0.1487
GWO,Griewank,0,0.007398823,0.2128
PSO,Griewank,4,0,0.5499
GWO,Griewank,2,0,0.2452
GWO,Griewank,3,0.007399034,0.242
GWO,Griewank,5,0.007402261,0.1472
GWO,Griewank,4,0.007396042,0.3277
GWO,Griewank,7,0.007396175,0.1647
GWO,Griewank,6,0,0.3499
GWO,Griewank,9,0.007400592,0.2114
WO,Griewank,0,0.020308717,0.1686
WO,Griewank,1,0.007406887,0.1208
WO,Griewank,2,5.55E-16,0.1186
GWO,Griewank,8,0,0.5273
WO,Griewank,3,0.007396214,0.1358
WO,Griewank,4,0.067555023,0.151
WO,Griewank,7,0,0.1047
WO,Griewank,5,0.027139507,0.2018
WO,Griewank,6,2.44E-10,0.2752
WO,Griewank,9,1.34E-14,0.1364
WO,Griewank,8,0.029594024,0.2138
PSO,Griewank,5,0,1.9167
COO,Griewank_Shifted,1,0.032487898,0.5495
COO,Griewank_Shifted,3,0.082493356,0.5743
COO,Griewank_Shifted,2,0.056272091,0.844
COO,Griewank_Shifted,4,0.060067231,0.3493
COO,Griewank_Shifted,0,0.007639252,1.0571
COO,Griewank_Shifted,5,0.067418863,0.3491
COO,Griewank_Shifted,6,0.063199351,0.3736
COO,Griewank_Shifted,9,0.097927941,0.2579
COO,Griewank_Shifted,8,0.052786504,0.5667
COO,Griewank_Shifted,7,0.001671479,0.6895
DE,Griewank_Shifted,0,0.059178177,0.3694
DE,Griewank_Shifted,2,0.007396041,0.0612
DE,Griewank_Shifted,3,0.009864672,0.0595
DE,Griewank_Shifted,1,0.00739604,0.319
DE,Griewank_Shifted,6,0.046835019,0.0559
DE,Griewank_Shifted,7,0.00739604,0.0383
DE,Griewank_Shifted,4,0.108501537,0.1202
DE,Griewank_Shifted,5,0.00739604,0.1004
DE,Griewank_Shifted,9,0.00739604,0.0689
PSO,Griewank,8,0,3.4325
DE,Griewank_Shifted,8,0,0.1772
PSO,Griewank,6,0,3.5437
PSO,Griewank,9,0,3.4791
PSO,Griewank,7,0,3.5354
PSO,Griewank_Shifted,0,0.00739604,0.3931
PSO,Griewank_Shifted,2,3.95E-13,0.443
PSO,Griewank_Shifted,1,0.00739604,0.5775
PSO,Griewank_Shifted,3,1.62E-09,0.6833
GWO,Griewank_Shifted,0,0.012585649,0.2011
GWO,Griewank_Shifted,1,0.016509749,0.2673
PSO,Griewank_Shifted,5,0,0.9068
GWO,Griewank_Shifted,2,0.033573606,0.3026
PSO,Griewank_Shifted,6,32.89694193,1.0116
GWO,Griewank_Shifted,5,0.025178558,0.1734
PSO,Griewank_Shifted,7,32.89694193,1.1218
PSO,Griewank_Shifted,4,0,1.2044
GWO,Griewank_Shifted,3,0.037750901,0.4344
GWO,Griewank_Shifted,6,0.005501152,0.3514
PSO,Griewank_Shifted,9,22.79564201,1.058
GWO,Griewank_Shifted,4,0.021681342,0.4929
WO,Griewank_Shifted,1,0.033696951,0.1135
PSO,Griewank_Shifted,8,32.89694193,1.2635
WO,Griewank_Shifted,2,0.191941379,0.1617
WO,Griewank_Shifted,3,0.000188488,0.1623
WO,Griewank_Shifted,5,0.105661946,0.0989
WO,Griewank_Shifted,0,0.046404329,0.3041
WO,Griewank_Shifted,4,0.058484714,0.2236
GWO,Griewank_Shifted,7,0.028069785,0.6556
WO,Griewank_Shifted,8,0.007407258,0.1742
WO,Griewank_Shifted,9,0.033997119,0.1618
GWO,Griewank_Shifted,9,0.028025878,0.6123
GWO,Griewank_Shifted,8,0.034150517,0.6616
WO,Griewank_Shifted,7,0.047085568,0.3229
WO,Griewank_Shifted,6,0.031062174,0.378
COO,Griewank_Rotated,5,0.107159966,0.3868
COO,Griewank_Rotated,3,0.143563661,0.6348
COO,Griewank_Rotated,4,0.048558765,0.7208
COO,Griewank_Rotated,8,0.099041241,0.4135
COO,Griewank_Rotated,6,0.043332103,0.7364
COO,Griewank_Rotated,0,0.030552195,0.9657
COO,Griewank_Rotated,1,0.017339863,1.0274
COO,Griewank_Rotated,2,0.072692797,1.018
COO,Griewank_Rotated,9,0.072477189,0.4327
COO,Griewank_Rotated,7,0.083273243,0.994
DE,Griewank_Rotated,3,0.00739604,0.8877
DE,Griewank_Rotated,6,0.009864672,0.7532
DE,Griewank_Rotated,4,0.019719489,0.8919
DE,Griewank_Rotated,1,0.00739604,1.2028
DE,Griewank_Rotated,8,0.00739604,0.4745
DE,Griewank_Rotated,9,0.019719489,0.4583
PSO,Griewank_Rotated,0,0,0.577
PSO,Griewank_Rotated,1,0,0.528
PSO,Griewank_Rotated,2,0,0.414
PSO,Griewank_Rotated,3,0,0.5115
DE,Griewank_Rotated,0,0,2.0665
PSO,Griewank_Rotated,4,0,0.4391
DE,Griewank_Rotated,7,0,1.7721
DE,Griewank_Rotated,5,0,1.9825
DE,Griewank_Rotated,2,0,2.2471
PSO,Griewank_Rotated,5,0,0.6422
GWO,Griewank_Rotated,0,0.027125456,0.3985
GWO,Griewank_Rotated,1,0.009865104,0.4594
GWO,Griewank_Rotated,2,0.019724541,0.4877
PSO,Griewank_Rotated,6,0,1.0562
GWO,Griewank_Rotated,4,0,0.5715
PSO,Griewank_Rotated,7,0,1.2511
GWO,Griewank_Rotated,3,0.007406446,0.9856
PSO,Griewank_Rotated,9,0,1.4515
WO,Griewank_Rotated,0,7.13E-11,0.1779
GWO,Griewank_Rotated,5,0.00986724,0.9868
PSO,Griewank_Rotated,8,0,1.6788
WO,Griewank_Rotated,1,3.89E-13,0.2311
WO,Griewank_Rotated,3,4.07E-13,0.1984
WO,Griewank_Rotated,2,8.93E-08,0.2871
WO,Griewank_Rotated,4,0.00747238,0.3085
WO,Griewank_Rotated,5,0.067102741,0.2168
WO,Griewank_Rotated,6,0.012986576,0.2014
WO,Griewank_Rotated,9,4.33E-15,0.1695
COO,Griewank_ShiftedRotated,0,0.192099963,0.1942
WO,Griewank_Rotated,8,0.04696943,0.3807
WO,Griewank_Rotated,7,0.067421295,0.527
COO,Griewank_ShiftedRotated,2,0.117883446,0.2549
COO,Griewank_ShiftedRotated,4,0.178940275,0.2629
COO,Griewank_ShiftedRotated,1,0.069653837,0.5463
COO,Griewank_ShiftedRotated,5,0.180783311,0.2779
COO,Griewank_ShiftedRotated,8,0.138987994,0.1281
COO,Griewank_ShiftedRotated,3,0.010166805,0.6063
COO,Griewank_ShiftedRotated,6,0.044437456,0.3987
GWO,Griewank_Rotated,6,0.009866566,2.3367
COO,Griewank_ShiftedRotated,7,0.058270032,0.4665
COO,Griewank_ShiftedRotated,9,0.037051983,0.315
DE,Griewank_ShiftedRotated,3,0.007396041,0.3485
GWO,Griewank_Rotated,9,0.00739645,2.342
GWO,Griewank_Rotated,8,0.007400588,2.5282
GWO,Griewank_Rotated,7,0.007396233,2.7141
DE,Griewank_ShiftedRotated,2,0.009864672,0.5475
DE,Griewank_ShiftedRotated,4,0.009864672,0.5176
DE,Griewank_ShiftedRotated,5,0.00739604,0.3173
DE,Griewank_ShiftedRotated,8,0.027125384,0.3707
DE,Griewank_ShiftedRotated,6,0.007396042,0.4363
DE,Griewank_ShiftedRotated,7,0.019719489,0.4261
DE,Griewank_ShiftedRotated,9,0.00739604,0.4064
DE,Griewank_ShiftedRotated,1,0,1.0606
DE,Griewank_ShiftedRotated,0,0,1.2149
PSO,Griewank_ShiftedRotated,0,32.54954958,0.4757
PSO,Griewank_ShiftedRotated,4,32.54954958,0.4904
PSO,Griewank_ShiftedRotated,2,32.54954958,0.55
PSO,Griewank_ShiftedRotated,1,32.54954958,0.7366
PSO,Griewank_ShiftedRotated,3,32.54954958,0.7457
PSO,Griewank_ShiftedRotated,5,32.54954958,0.7385
GWO,Griewank_ShiftedRotated,1,0.000412916,0.6086
GWO,Griewank_ShiftedRotated,0,0.009488724,0.6468
GWO,Griewank_ShiftedRotated,2,0.001976918,0.5441
GWO,Griewank_ShiftedRotated,3,0.008889093,0.5875
GWO,Griewank_ShiftedRotated,4,0.003675761,0.5694
GWO,Griewank_ShiftedRotated,5,0.010028861,0.5774
GWO,Griewank_ShiftedRotated,6,0.01159142,0.5864
GWO,Griewank_ShiftedRotated,7,0.018533496,0.6034
WO,Griewank_ShiftedRotated,0,0.015945836,0.1402
WO,Griewank_ShiftedRotated,1,0.187646957,0.1667
WO,Griewank_ShiftedRotated,3,0.005976191,0.1177
WO,Griewank_ShiftedRotated,2,0.038709923,0.3505
PSO,Griewank_ShiftedRotated,8,32.54954958,2.4605
WO,Griewank_ShiftedRotated,5,0.035811041,0.293
WO,Griewank_ShiftedRotated,4,0.007545801,0.4097
PSO,Griewank_ShiftedRotated,7,32.54954958,2.6809
WO,Griewank_ShiftedRotated,7,0.060647352,0.2524
PSO,Griewank_ShiftedRotated,6,32.54954958,2.8465
COO,Schwefel,0,3.46E-05,0.2436
WO,Griewank_ShiftedRotated,6,0.007459788,0.5502
COO,Schwefel,3,0.017574755,0.2865
COO,Schwefel,2,118.5787294,0.3449
COO,Schwefel,4,120.1855458,0.107
COO,Schwefel,1,0.058526716,0.7226
WO,Griewank_ShiftedRotated,9,0.094482598,0.9066
WO,Griewank_ShiftedRotated,8,0.003640931,1.145
COO,Schwefel,5,0.01572337,0.4913
COO,Schwefel,6,0.006508685,0.4501
COO,Schwefel,8,0.392624144,0.352
COO,Schwefel,9,0.002651353,0.4032
COO,Schwefel,7,0.001333565,0.5655
PSO,Griewank_ShiftedRotated,9,32.54954958,3.8325
GWO,Griewank_ShiftedRotated,8,0.002099224,2.7001
GWO,Griewank_ShiftedRotated,9,0.010005972,2.8001
DE,Schwefel,0,2.55E-05,0.5897
DE,Schwefel,3,2.55E-05,0.4144
DE,Schwefel,4,2.55E-05,0.5311
DE,Schwefel,1,2.55E-05,0.7535
DE,Schwefel,5,2.55E-05,0.5506
DE,Schwefel,2,2.55E-05,0.835
DE,Schwefel,8,2.55E-05,0.3733
DE,Schwefel,6,2.55E-05,0.529
DE,Schwefel,7,2.55E-05,0.4149
DE,Schwefel,9,2.55E-05,0.3701
PSO,Schwefel,0,-2.70E+22,0.3021
PSO,Schwefel,1,-2.49E+21,0.2859
PSO,Schwefel,5,-1.03E+24,0.1109
GWO,Schwefel,0,118.5453349,0.0172
GWO,Schwefel,1,118.4468707,0.0146
GWO,Schwefel,2,236.9070572,0.023
GWO,Schwefel,3,118.6431673,0.0167
GWO,Schwefel,4,0.218847733,0.0167
GWO,Schwefel,5,236.8874218,0.0153
GWO,Schwefel,6,237.0034611,0.0139
GWO,Schwefel,7,118.6468021,0.0143
GWO,Schwefel,8,118.4709583,0.0138
GWO,Schwefel,9,118.4524891,0.0138
WO,Schwefel,0,0.000164613,0.0457
WO,Schwefel,1,0.00496912,0.0461
WO,Schwefel,2,0.407585792,0.0485
WO,Schwefel,3,2.67E-05,0.0479
WO,Schwefel,4,118.4430342,0.048
PSO,Schwefel,2,-7.12E+20,0.6419
WO,Schwefel,5,0.03922508,0.0634
WO,Schwefel,6,8.73E-05,0.0614
WO,Schwefel,7,0.000157919,0.1265
WO,Schwefel,8,118.4428625,0.0965
WO,Schwefel,9,118.4468401,0.0682
COO,Schwefel_Shifted,0,-398.1120997,0.1749
COO,Schwefel_Shifted,1,-398.11491,0.1503
COO,Schwefel_Shifted,3,-206.1341315,0.0912
COO,Schwefel_Shifted,2,-206.1341315,0.1425
COO,Schwefel_Shifted,5,-398.0246397,0.1108
COO,Schwefel_Shifted,4,-398.1115647,0.1623
COO,Schwefel_Shifted,6,-398.1152648,0.1122
COO,Schwefel_Shifted,8,-398.1141466,0.1153
COO,Schwefel_Shifted,7,-398.1153274,0.2394
COO,Schwefel_Shifted,9,-398.0138425,0.0908
DE,Schwefel_Shifted,0,-398.1153285,0.13
DE,Schwefel_Shifted,1,-398.1153285,0.1303
DE,Schwefel_Shifted,2,-398.1153285,0.1161
DE,Schwefel_Shifted,3,-398.1153285,0.1214
DE,Schwefel_Shifted,4,-398.1153285,0.0913
PSO,Schwefel,7,-8.54E+22,1.7846
PSO,Schwefel,4,-3.30E+21,1.8346
PSO,Schwefel,6,-3.70E+21,1.8079
PSO,Schwefel,3,-8.54E+20,1.8625
DE,Schwefel_Shifted,8,-398.1153285,0.1894
DE,Schwefel_Shifted,5,-398.1153285,0.2959
DE,Schwefel_Shifted,7,-398.1153285,0.2154
DE,Schwefel_Shifted,6,-398.1153285,0.2979
DE,Schwefel_Shifted,9,-398.1153285,0.2475
PSO,Schwefel,8,-1.16E+22,2.0037
PSO,Schwefel,9,-1.57E+17,2.0143
PSO,Schwefel_Shifted,1,-4.74E+32,0.16
PSO,Schwefel_Shifted,0,-5.26E+27,0.4157
PSO,Schwefel_Shifted,2,-3.39E+29,0.2459
GWO,Schwefel_Shifted,0,-206.1341315,0.1354
PSO,Schwefel_Shifted,4,-2.30E+28,0.3688
GWO,Schwefel_Shifted,1,-206.1341315,0.1154
GWO,Schwefel_Shifted,2,-398.1153117,0.1165
GWO,Schwefel_Shifted,4,-398.1152763,0.1046
GWO,Schwefel_Shifted,3,-18.93207498,0.1514
PSO,Schwefel_Shifted,5,-5.47E+27,0.6363
GWO,Schwefel_Shifted,5,-206.1341315,0.1178
GWO,Schwefel_Shifted,7,-398.1152914,0.1624
GWO,Schwefel_Shifted,6,-398.1153164,0.2104
WO,Schwefel_Shifted,0,-206.1341315,0.0517
GWO,Schwefel_Shifted,8,-398.1153258,0.1787
WO,Schwefel_Shifted,2,-206.1341315,0.0199
WO,Schwefel_Shifted,1,-206.1341315,0.0673
GWO,Schwefel_Shifted,9,-398.1149258,0.1311
PSO,Schwefel_Shifted,3,-3.43E+28,0.9729
WO,Schwefel_Shifted,3,-206.1341315,0.1024
WO,Schwefel_Shifted,4,-206.1341315,0.0821
WO,Schwefel_Shifted,6,-206.1341315,0.0823
WO,Schwefel_Shifted,8,-206.1341315,0.0519
WO,Schwefel_Shifted,5,-206.1341315,0.1278
WO,Schwefel_Shifted,9,-398.1098427,0.0533
PSO,Schwefel_Shifted,6,-6.60E+32,1.1102
WO,Schwefel_Shifted,7,-206.1341315,0.1731
COO,Schwefel_Rotated,1,-19.52496017,0.3632
COO,Schwefel_Rotated,2,-17.87423306,0.3744
COO,Schwefel_Rotated,4,-19.63464548,0.4221
COO,Schwefel_Rotated,3,120.3369998,0.5249
COO,Schwefel_Rotated,5,-15.19933171,0.2945
COO,Schwefel_Rotated,7,-18.20169107,0.1671
COO,Schwefel_Rotated,6,79.12639547,0.3909
PSO,Schwefel_Shifted,7,-3.27E+31,1.8086
COO,Schwefel_Rotated,0,78.96942329,0.8038
COO,Schwefel_Rotated,9,-18.48527584,0.2429
DE,Schwefel_Rotated,1,-19.73804987,0.2423
COO,Schwefel_Rotated,8,-15.01465971,0.4317
DE,Schwefel_Rotated,0,-19.73804987,0.3867
DE,Schwefel_Rotated,3,78.96328491,0.3099
DE,Schwefel_Rotated,2,-19.73804987,0.4332
DE,Schwefel_Rotated,4,-19.73804987,0.3321
PSO,Schwefel_Shifted,8,-2.03E+29,2.2791
DE,Schwefel_Rotated,7,118.4383601,0.2419
DE,Schwefel_Rotated,8,-19.73804987,0.2308
DE,Schwefel_Rotated,5,-19.73804987,0.3356
DE,Schwefel_Rotated,6,-19.73804987,0.3391
DE,Schwefel_Rotated,9,-19.73804987,0.1484
PSO,Schwefel_Shifted,9,-4.57E+30,2.2938
PSO,Schwefel_Rotated,7,830.0751967,0.117
PSO,Schwefel_Rotated,3,-1744398928,0.2327
PSO,Schwefel_Rotated,0,-524447175.4,0.4058
PSO,Schwefel_Rotated,5,-8.31165E+11,0.2773
PSO,Schwefel_Rotated,4,-33435.09815,0.3021
PSO,Schwefel_Rotated,2,-294833071.1,0.3601
PSO,Schwefel_Rotated,1,-309081052.6,0.3696
PSO,Schwefel_Rotated,6,-4138890961,0.3323
PSO,Schwefel_Rotated,9,-1091410729,0.3557
PSO,Schwefel_Rotated,8,-642542396.4,0.4
GWO,Schwefel_Rotated,3,-19.67417156,0.3244
GWO,Schwefel_Rotated,1,-19.70821354,0.3667
GWO,Schwefel_Rotated,4,118.4498889,0.3586
GWO,Schwefel_Rotated,2,-19.49989644,0.4363
GWO,Schwefel_Rotated,0,-19.68886893,0.4659
WO,Schwefel_Rotated,0,-19.73630175,0.2238
WO,Schwefel_Rotated,2,-19.73767937,0.1842
GWO,Schwefel_Rotated,5,120.3115359,0.6018
WO,Schwefel_Rotated,3,-19.73655411,0.1936
WO,Schwefel_Rotated,5,-19.69064302,0.3101
WO,Schwefel_Rotated,4,-19.73590363,0.3547
WO,Schwefel_Rotated,1,-19.68721051,0.6293
WO,Schwefel_Rotated,6,-19.7325092,0.2899
WO,Schwefel_Rotated,7,-19.73792082,0.3408
WO,Schwefel_Rotated,9,-19.73584362,0.3136
WO,Schwefel_Rotated,8,-19.73798008,0.4852
COO,Schwefel_ShiftedRotated,0,-176.4590389,0.5976
COO,Schwefel_ShiftedRotated,1,-138.1226714,0.6325
GWO,Schwefel_Rotated,9,217.1445856,1.5985
COO,Schwefel_ShiftedRotated,3,-177.6193227,0.4915
COO,Schwefel_ShiftedRotated,2,0.148665253,0.6636
GWO,Schwefel_Rotated,7,-19.70001902,1.927
COO,Schwefel_ShiftedRotated,4,-177.375621,0.6183
GWO,Schwefel_Rotated,6,79.09514677,2.1218
COO,Schwefel_ShiftedRotated,5,-175.5195775,0.7151
GWO,Schwefel_Rotated,8,-19.73667461,2.3039
COO,Schwefel_ShiftedRotated,8,-135.216149,0.6123
COO,Schwefel_ShiftedRotated,7,-177.4212337,0.7998
COO,Schwefel_ShiftedRotated,9,-177.2275441,0.6558
DE,Schwefel_ShiftedRotated,3,-138.1763845,0.2287
DE,Schwefel_ShiftedRotated,1,-177.6530288,0.5271
COO,Schwefel_ShiftedRotated,6,-177.5785363,1.0472
DE,Schwefel_ShiftedRotated,7,-138.1763845,0.1215
DE,Schwefel_ShiftedRotated,2,-177.6530288,0.366
DE,Schwefel_ShiftedRotated,4,-177.6530288,0.3787
DE,Schwefel_ShiftedRotated,0,-138.1763845,0.759
DE,Schwefel_ShiftedRotated,6,-177.6530288,0.2167
DE,Schwefel_ShiftedRotated,8,-138.1763845,0.1762
DE,Schwefel_ShiftedRotated,5,-138.1763845,0.3364
DE,Schwefel_ShiftedRotated,9,-177.6530288,0.102
PSO,Schwefel_ShiftedRotated,2,513.2464086,0.3458
PSO,Schwefel_ShiftedRotated,0,513.2464086,0.5596
PSO,Schwefel_ShiftedRotated,1,513.2464086,0.549
PSO,Schwefel_ShiftedRotated,6,513.2464086,1.0412
PSO,Schwefel_ShiftedRotated,3,513.2464086,1.0815
PSO,Schwefel_ShiftedRotated,8,513.2464086,1.1886
PSO,Schwefel_ShiftedRotated,5,513.2464086,1.4975
PSO,Schwefel_ShiftedRotated,4,513.2464086,1.5408
PSO,Schwefel_ShiftedRotated,9,513.2464086,1.0906
PSO,Schwefel_ShiftedRotated,7,513.2464086,1.568
GWO,Schwefel_ShiftedRotated,0,-138.1762728,1.5979
GWO,Schwefel_ShiftedRotated,1,236.8775393,1.2236
GWO,Schwefel_ShiftedRotated,2,-138.1761321,1.3117
WO,Schwefel_ShiftedRotated,0,-177.6526874,0.1365
GWO,Schwefel_ShiftedRotated,5,-177.6493872,1.1066
WO,Schwefel_ShiftedRotated,1,-177.5702147,0.1424
WO,Schwefel_ShiftedRotated,3,-177.6501149,0.1642
WO,Schwefel_ShiftedRotated,2,217.1897162,0.1936
GWO,Schwefel_ShiftedRotated,7,-177.6496243,1.3175
GWO,Schwefel_ShiftedRotated,3,-138.1763462,1.5408
WO,Schwefel_ShiftedRotated,5,-177.6248555,0.2314
WO,Schwefel_ShiftedRotated,6,-177.6470309,0.1935
GWO,Schwefel_ShiftedRotated,4,-177.6426033,1.6717
WO,Schwefel_ShiftedRotated,4,0.007640926,0.385
GWO,Schwefel_ShiftedRotated,6,236.8771265,1.7519
WO,Schwefel_ShiftedRotated,8,-138.1698109,0.2622
WO,Schwefel_ShiftedRotated,7,-177.6527917,0.3028
WO,Schwefel_ShiftedRotated,9,-138.1754923,0.2857
GWO,Schwefel_ShiftedRotated,9,0.009895208,1.2012
GWO,Schwefel_ShiftedRotated,8,-138.1748231,1.4132
